<?xml version="1.0" encoding="UTF-8" standalone="yes"?>
<addon id="plugin.program.ultimate" name="[COLOR yellow][COLOR blue]Ultimate Wizard[COLOR yellow][/COLOR]" version="1.0.0" provider-name="Ultimate">
  <requires>
    <import addon="xbmc.python" version="2.1.0"/>
  </requires>
  <extension point="xbmc.python.pluginsource" library="default.py">
    <provides>executable</provides>
  </extension>
  <extension point="xbmc.service" library="startup.py" start="startup" />
  <extension point="xbmc.addon.metadata">
    <summary lang="en">Ultimate Wizard</summary>
    <description lang="en">In this wizard you will find the latest Ultimate Builds.</description>
    <platform>all</platform>
  </extension>
</addon>